qid,question,gold_answer,gold_answer_aliases,group,instruction_type,run,instruction_used,step,text,n_tokens
./cnn/stories/d9ea64de844086c1430636ce80cd2849e3fb25e7.story,what happened in the attack in the war-torn capital?,nine people were killed,nine people were killed,style,formality,0,,0,"(CNN)  -- At least nine people were killed in Somalia's war-torn capital Mogadishu when mortars slammed into a home for disabled veterans, according to journalists and witnesses.



Al Shabaab fighters display two bodies of Somali police officers during a battle August 12 in Mogadishu.



At least 27 people were wounded in the Friday night incident, when Muslim militants fired mortars toward Mogadishu's port and struck a residential area. The mortars hit a home for former national army officers who were disabled in a late-1970s war with Ethiopia, the sources said.



Insurgents from the Al-Shabaab militant group have been fighting to topple Somalia's government. Its fighters have frequently shelled the city's airport and seaport, which are controlled by the African Union and government forces.



The United States is supporting the Somali government's fight against the insurgents, including providing weapons to government forces. Al Shabaab is on the U.S. list of terror organizations because of its ties to Osama bin Laden's al Qaeda network.



The United States is concerned that Somalia's weak government could fall to the Islamist insurgency, as it did in 2006 before Ethiopian forces ousted the militants from power later that year.",193
./cnn/stories/d9ea64de844086c1430636ce80cd2849e3fb25e7.story,what happened in the attack in the war-torn capital?,nine people were killed,nine people were killed,style,formality,0,Make the text more formal.,1,"(CNN) -- At least nine individuals lost their lives in Mogadishu, the war-torn capital of Somalia, when mortars struck a residence designated for disabled veterans, as reported by journalists and eyewitnesses.

Al Shabaab militants exhibited the bodies of two Somali police officers during a confrontation on August 12 in Mogadishu.

A minimum of 27 individuals sustained injuries during the incident on Friday night, when Muslim militants launched mortars towards Mogadishu's port, impacting a residential area. The mortars specifically targeted a home for former national army officers who were rendered disabled during the conflict with Ethiopia in the late 1970s, according to the sources.

Insurgents affiliated with the Al-Shabaab militant organization have been engaged in efforts to overthrow Somalia's government. Their fighters have routinely shelled the city's airport and seaport, both of which are under the control of African Union and government forces.

The United States is providing support to the Somali government's campaign against the insurgents, which includes the provision of weaponry to government forces. Al Shabaab is designated as a terrorist organization by the United States due to its connections with Osama bin Laden's al Qaeda network.

The United States expresses concern that Somalia's fragile government may succumb to the Islamist insurgency, reminiscent of the events in 2006 when Ethiopian forces subsequently expelled the militants from power later that year.",221
./cnn/stories/d9ea64de844086c1430636ce80cd2849e3fb25e7.story,what happened in the attack in the war-torn capital?,nine people were killed,nine people were killed,style,formality,0,Make the text more formal.,2,"At least nine individuals have tragically lost their lives in Mogadishu, the war-torn capital of Somalia, following mortar strikes on a residence designated for disabled veterans, as reported by journalists and eyewitnesses.

Al Shabaab militants displayed the bodies of two Somali police officers during a confrontation on August 12 in Mogadishu.

A minimum of 27 individuals sustained injuries during the incident on Friday night, when Muslim militants launched mortars towards Mogadishu's port, impacting a residential area. The mortars specifically targeted a home for former national army officers who were rendered disabled during the conflict with Ethiopia in the late 1970s, according to the sources.

Insurgents affiliated with the Al-Shabaab militant organization have been actively engaged in efforts to overthrow Somalia's government. Their fighters have routinely shelled the city's airport and seaport, both of which are under the control of African Union and government forces.

The United States is providing support to the Somali government's campaign against the insurgents, which includes the provision of weaponry to government forces. Al Shabaab is designated as a terrorist organization by the United States due to its connections with Osama bin Laden's al Qaeda network.

The United States expresses concern that Somalia's fragile government may succumb to the Islamist insurgency, reminiscent of the events in 2006 when Ethiopian forces subsequently expelled the militants from power later that year.",223
./cnn/stories/d9ea64de844086c1430636ce80cd2849e3fb25e7.story,what happened in the attack in the war-torn capital?,nine people were killed,nine people were killed,style,formality,0,Make the text more formal.,3,"At least nine individuals have tragically perished in Mogadishu, the war-torn capital of Somalia, following mortar strikes on a residence designated for disabled veterans, as reported by journalists and eyewitnesses.

Al Shabaab militants exhibited the bodies of two Somali police officers during a confrontation on August 12 in Mogadishu.

A minimum of 27 individuals sustained injuries during the incident on Friday night, when Muslim militants launched mortars towards Mogadishu's port, impacting a residential area. The mortars specifically targeted a home for former national army officers who were rendered disabled during the conflict with Ethiopia in the late 1970s, according to the sources.

Insurgents affiliated with the Al-Shabaab militant organization have been actively engaged in efforts to overthrow Somalia's government. Their fighters have routinely shelled the city's airport and seaport, both of which are under the control of African Union and government forces.

The United States is providing support to the Somali government's campaign against the insurgents, which includes the provision of weaponry to government forces. Al Shabaab is designated as a terrorist organization by the United States due to its connections with Osama bin Laden's al Qaeda network.

The United States expresses concern that Somalia's fragile government may succumb to the Islamist insurgency, reminiscent of the events in 2006 when Ethiopian forces subsequently expelled the militants from power later that year.",221
./cnn/stories/d9ea64de844086c1430636ce80cd2849e3fb25e7.story,what happened in the attack in the war-torn capital?,nine people were killed,nine people were killed,style,paraphrase,0,,0,"(CNN)  -- At least nine people were killed in Somalia's war-torn capital Mogadishu when mortars slammed into a home for disabled veterans, according to journalists and witnesses.



Al Shabaab fighters display two bodies of Somali police officers during a battle August 12 in Mogadishu.



At least 27 people were wounded in the Friday night incident, when Muslim militants fired mortars toward Mogadishu's port and struck a residential area. The mortars hit a home for former national army officers who were disabled in a late-1970s war with Ethiopia, the sources said.



Insurgents from the Al-Shabaab militant group have been fighting to topple Somalia's government. Its fighters have frequently shelled the city's airport and seaport, which are controlled by the African Union and government forces.



The United States is supporting the Somali government's fight against the insurgents, including providing weapons to government forces. Al Shabaab is on the U.S. list of terror organizations because of its ties to Osama bin Laden's al Qaeda network.



The United States is concerned that Somalia's weak government could fall to the Islamist insurgency, as it did in 2006 before Ethiopian forces ousted the militants from power later that year.",193
./cnn/stories/d9ea64de844086c1430636ce80cd2849e3fb25e7.story,what happened in the attack in the war-torn capital?,nine people were killed,nine people were killed,style,paraphrase,0,Paraphrase this.,1,"At least nine individuals lost their lives in Mogadishu, Somalia's conflict-ridden capital, when mortars struck a residence for disabled veterans, as reported by journalists and witnesses. 

On August 12, Al Shabaab fighters showcased the bodies of two Somali police officers during a confrontation in Mogadishu. 

The Friday night attack left at least 27 people injured, as Muslim militants launched mortars towards the port of Mogadishu, hitting a residential area. The mortars impacted a home for former national army officers who were disabled during a war with Ethiopia in the late 1970s, according to sources. 

The Al-Shabaab militant group has been engaged in efforts to overthrow Somalia's government. Their fighters have regularly shelled the city's airport and seaport, which are under the control of African Union and government forces. 

The United States is backing the Somali government's battle against the insurgents, including supplying weapons to government troops. Al Shabaab is designated as a terrorist organization by the U.S. due to its connections with Osama bin Laden's al Qaeda network. 

The U.S. is worried that Somalia's fragile government could succumb to the Islamist insurgency, reminiscent of the situation in 2006 when Ethiopian forces later expelled the militants from power.",197
./cnn/stories/d9ea64de844086c1430636ce80cd2849e3fb25e7.story,what happened in the attack in the war-torn capital?,nine people were killed,nine people were killed,style,paraphrase,0,Paraphrase this.,2,"At least nine people were killed in Mogadishu, the capital of Somalia, which is plagued by conflict, when mortars hit a home for disabled veterans, according to reports from journalists and witnesses.

On August 12, Al Shabaab fighters displayed the bodies of two Somali police officers following a clash in Mogadishu.

The attack on Friday night resulted in at least 27 injuries, as Muslim militants fired mortars at the port of Mogadishu, striking a residential area. The mortars hit a facility for former national army officers who were disabled during the war with Ethiopia in the late 1970s, as per sources.

The Al-Shabaab militant group has been actively trying to topple Somalia's government. Their fighters frequently target the city's airport and seaport, which are controlled by African Union and government forces.

The United States is supporting the Somali government's fight against the insurgents, including providing arms to government troops. Al Shabaab is classified as a terrorist organization by the U.S. due to its ties to Osama bin Laden's al Qaeda network.

The U.S. is concerned that Somalia's fragile government may fall to the Islamist insurgency, echoing the events of 2006 when Ethiopian forces expelled the militants from power.",198
./cnn/stories/d9ea64de844086c1430636ce80cd2849e3fb25e7.story,what happened in the attack in the war-torn capital?,nine people were killed,nine people were killed,style,paraphrase,0,Paraphrase this.,3,"At least nine individuals lost their lives in Mogadishu, Somalia's capital, which is marred by ongoing conflict, when mortars struck a residence for disabled veterans, as reported by journalists and witnesses.

On August 12, Al Shabaab militants showcased the bodies of two Somali police officers after a confrontation in Mogadishu.

The assault on Friday night resulted in a minimum of 27 injuries, as Muslim extremists launched mortars at the port of Mogadishu, hitting a residential area. The mortars impacted a facility for former national army officers who were injured during the war with Ethiopia in the late 1970s, according to sources.

The Al-Shabaab militant group is actively attempting to overthrow Somalia's government. Their fighters often target the city's airport and seaport, which are under the control of African Union and government forces.

The United States is backing the Somali government's efforts against the insurgents, including supplying arms to government troops. Al Shabaab is designated as a terrorist organization by the U.S. due to its connections with Osama bin Laden's al Qaeda network.

The U.S. is worried that Somalia's fragile government could succumb to the Islamist insurgency, reminiscent of the 2006 events when Ethiopian forces ousted the militants from power.",199
./cnn/stories/d9ea64de844086c1430636ce80cd2849e3fb25e7.story,what happened in the attack in the war-torn capital?,nine people were killed,nine people were killed,content,shorten,0,,0,"(CNN)  -- At least nine people were killed in Somalia's war-torn capital Mogadishu when mortars slammed into a home for disabled veterans, according to journalists and witnesses.



Al Shabaab fighters display two bodies of Somali police officers during a battle August 12 in Mogadishu.



At least 27 people were wounded in the Friday night incident, when Muslim militants fired mortars toward Mogadishu's port and struck a residential area. The mortars hit a home for former national army officers who were disabled in a late-1970s war with Ethiopia, the sources said.



Insurgents from the Al-Shabaab militant group have been fighting to topple Somalia's government. Its fighters have frequently shelled the city's airport and seaport, which are controlled by the African Union and government forces.



The United States is supporting the Somali government's fight against the insurgents, including providing weapons to government forces. Al Shabaab is on the U.S. list of terror organizations because of its ties to Osama bin Laden's al Qaeda network.



The United States is concerned that Somalia's weak government could fall to the Islamist insurgency, as it did in 2006 before Ethiopian forces ousted the militants from power later that year.",193
./cnn/stories/d9ea64de844086c1430636ce80cd2849e3fb25e7.story,what happened in the attack in the war-torn capital?,nine people were killed,nine people were killed,content,shorten,0,Make wording more concise.,1,"At least nine people were killed and 27 wounded in Mogadishu when mortars struck a home for disabled veterans during a Friday night attack by Al Shabaab militants. The mortars targeted a residential area near the port, hitting former national army officers disabled in a 1970s war with Ethiopia. Al Shabaab has been fighting to overthrow Somalia's government, frequently shelling the airport and seaport controlled by African Union and government forces. The U.S. supports the Somali government against the insurgents, providing weapons, as Al Shabaab is listed as a terrorist organization due to its ties to al Qaeda. There are concerns that Somalia's weak government could again fall to the Islamist insurgency, as it did in 2006 before Ethiopian forces intervened.",121
./cnn/stories/d9ea64de844086c1430636ce80cd2849e3fb25e7.story,what happened in the attack in the war-torn capital?,nine people were killed,nine people were killed,content,shorten,0,Make wording more concise.,2,"Nine people were killed and 27 wounded in Mogadishu when mortars hit a home for disabled veterans during a Friday night attack by Al Shabaab militants. The mortars struck a residential area near the port, targeting former national army officers disabled in a 1970s war with Ethiopia. Al Shabaab seeks to overthrow Somalia's government, often shelling the airport and seaport controlled by African Union and government forces. The U.S. supports the Somali government against the insurgents, providing weapons, as Al Shabaab is designated a terrorist organization due to its ties to al Qaeda. Concerns persist that Somalia's weak government could again succumb to the Islamist insurgency, as it did in 2006 before Ethiopian intervention.",114
./cnn/stories/d9ea64de844086c1430636ce80cd2849e3fb25e7.story,what happened in the attack in the war-torn capital?,nine people were killed,nine people were killed,content,shorten,0,Make wording more concise.,3,"Nine people were killed and 27 wounded in Mogadishu when mortars struck a home for disabled veterans during an Al Shabaab attack on Friday night. The mortars hit a residential area near the port, targeting former army officers disabled in a 1970s war with Ethiopia. Al Shabaab aims to overthrow Somalia's government, frequently shelling the airport and seaport controlled by African Union and government forces. The U.S. supports the Somali government against the insurgents, providing weapons, as Al Shabaab is designated a terrorist organization due to its ties to al Qaeda. Concerns remain that Somalia's weak government could again fall to the Islamist insurgency, as it did in 2006 before Ethiopian intervention.",112
./cnn/stories/d9ea64de844086c1430636ce80cd2849e3fb25e7.story,what happened in the attack in the war-torn capital?,nine people were killed,nine people were killed,content,elaborate,0,,0,"(CNN)  -- At least nine people were killed in Somalia's war-torn capital Mogadishu when mortars slammed into a home for disabled veterans, according to journalists and witnesses.



Al Shabaab fighters display two bodies of Somali police officers during a battle August 12 in Mogadishu.



At least 27 people were wounded in the Friday night incident, when Muslim militants fired mortars toward Mogadishu's port and struck a residential area. The mortars hit a home for former national army officers who were disabled in a late-1970s war with Ethiopia, the sources said.



Insurgents from the Al-Shabaab militant group have been fighting to topple Somalia's government. Its fighters have frequently shelled the city's airport and seaport, which are controlled by the African Union and government forces.



The United States is supporting the Somali government's fight against the insurgents, including providing weapons to government forces. Al Shabaab is on the U.S. list of terror organizations because of its ties to Osama bin Laden's al Qaeda network.



The United States is concerned that Somalia's weak government could fall to the Islamist insurgency, as it did in 2006 before Ethiopian forces ousted the militants from power later that year.",193
./cnn/stories/d9ea64de844086c1430636ce80cd2849e3fb25e7.story,what happened in the attack in the war-torn capital?,nine people were killed,nine people were killed,content,elaborate,0,"Elaborate on the content, adding relevant details while staying faithful to the source text.",1,"(CNN) -- In a tragic escalation of violence in Somalia's war-torn capital, Mogadishu, at least nine individuals lost their lives when mortars struck a home designated for disabled veterans. This devastating incident, reported by journalists and eyewitnesses, occurred on a Friday night and has left the community in shock.

The attack, attributed to the militant group Al-Shabaab, resulted in at least 27 additional people sustaining injuries. The militants targeted the residential area by firing mortars toward Mogadishu's port, a strategic location that has been a frequent target of such assaults. The mortars specifically hit a facility that houses former national army officers who were disabled during the protracted conflict with Ethiopia in the late 1970s, highlighting the ongoing toll of past wars on the nation's veterans.

Al-Shabaab, an insurgent group with a long history of violence, has been actively engaged in efforts to overthrow Somalia's fragile government. Their operations often involve indiscriminate shelling of key infrastructure, including the city's airport and seaport, both of which are under the protection of African Union forces and the Somali government. This persistent threat underscores the precarious security situation in Mogadishu, where civilians frequently find themselves caught in the crossfire.

In response to the ongoing insurgency, the United States has been providing support to the Somali government, including the supply of weapons to bolster government forces against the Al-Shabaab threat. The U.S. government has designated Al-Shabaab as a terrorist organization due to its affiliations with Osama bin Laden's al-Qaeda network, which raises significant concerns about regional stability.

The situation remains dire, as there are fears that Somalia's already weak government could succumb to the Islamist insurgency, reminiscent of the events of 2006 when the government was overthrown before Ethiopian forces intervened to restore order later that year. The cycle of violence continues to pose a significant challenge to peace and stability in the region, leaving many to wonder what the future holds for Somalia and its people.",323
./cnn/stories/d9ea64de844086c1430636ce80cd2849e3fb25e7.story,what happened in the attack in the war-torn capital?,nine people were killed,nine people were killed,content,elaborate,0,"Elaborate on the content, adding relevant details while staying faithful to the source text.",2,"In a deeply tragic escalation of violence in Somalia's war-torn capital, Mogadishu, a devastating mortar attack claimed the lives of at least nine individuals, striking a home specifically designated for disabled veterans. This heart-wrenching incident, which has sent shockwaves through the local community, was reported by various journalists and eyewitnesses and occurred on a Friday night, a time when many families were likely gathered in their homes.

The attack has been attributed to the militant group Al-Shabaab, notorious for its violent tactics and efforts to destabilize the already fragile Somali government. In addition to the fatalities, the assault left at least 27 others injured, many of whom were civilians caught in the chaos. The militants targeted a residential area by launching mortars toward Mogadishu's port, a strategic and economically vital location that has frequently been subjected to such assaults. The mortars specifically struck a facility that serves as a home for former national army officers who were disabled during the protracted conflict with Ethiopia in the late 1970s, underscoring the long-lasting impact of historical wars on the nation’s veterans and their families.

Al-Shabaab, an insurgent group with a long and bloody history, has been actively engaged in efforts to overthrow Somalia's fragile government, which has struggled to maintain control amid ongoing violence. Their operations often involve indiscriminate shelling of key infrastructure, including the city’s airport and seaport, both of which are under the protection of African Union forces and the Somali government. This persistent threat highlights the precarious security situation in Mogadishu, where civilians frequently find themselves caught in the crossfire of a conflict that seems unending.

In light of the ongoing insurgency, the United States has stepped up its support for the Somali government, providing military assistance, including weapons, to bolster government forces against the Al-Shabaab threat. The U.S. government has officially designated Al-Shabaab as a terrorist organization due to its affiliations with Osama bin Laden's al-Qaeda network, raising significant concerns about the broader implications for regional stability and security.

The situation in Somalia remains dire, with fears mounting that the already weak government could succumb to the Islamist insurgency, reminiscent of the tumultuous events of 2006 when the government was overthrown, leading to a chaotic power vacuum until Ethiopian forces intervened later that year to restore a semblance of order. The relentless cycle of violence continues to pose a significant challenge to peace and stability in the region, leaving many to ponder the uncertain future that lies ahead for Somalia and its resilient people, who have endured so much suffering over the decades.",425
./cnn/stories/d9ea64de844086c1430636ce80cd2849e3fb25e7.story,what happened in the attack in the war-torn capital?,nine people were killed,nine people were killed,content,elaborate,0,"Elaborate on the content, adding relevant details while staying faithful to the source text.",3,"In a profoundly tragic escalation of violence in Somalia's war-torn capital, Mogadishu, a devastating mortar attack has claimed the lives of at least nine individuals, striking a home specifically designated for disabled veterans. This heart-wrenching incident, which has sent shockwaves through the local community, was reported by various journalists and eyewitnesses and occurred on a Friday night, a time when many families were likely gathered in their homes, seeking solace and safety amidst the turmoil that has plagued their lives.

The attack has been attributed to the militant group Al-Shabaab, a notorious organization known for its brutal tactics and relentless efforts to destabilize the already fragile Somali government. In addition to the fatalities, the assault left at least 27 others injured, many of whom were innocent civilians caught in the chaos of the attack. The militants targeted a residential area by launching mortars toward Mogadishu's port, a strategic and economically vital location that has frequently been subjected to such assaults, highlighting the ongoing conflict's impact on both infrastructure and civilian life. The mortars specifically struck a facility that serves as a home for former national army officers who were disabled during the protracted conflict with Ethiopia in the late 1970s, underscoring the long-lasting repercussions of historical wars on the nation’s veterans and their families, who have already faced immense challenges.

Al-Shabaab, an insurgent group with a long and bloody history, has been actively engaged in efforts to overthrow Somalia's fragile government, which has struggled to maintain control amid ongoing violence and instability. Their operations often involve indiscriminate shelling of key infrastructure, including the city’s airport and seaport, both of which are under the protection of African Union forces and the Somali government. This persistent threat highlights the precarious security situation in Mogadishu, where civilians frequently find themselves caught in the crossfire of a conflict that seems unending, living in constant fear of further attacks that could disrupt their already fragile existence.

In light of the ongoing insurgency, the United States has stepped up its support for the Somali government, providing military assistance, including weapons and training, to bolster government forces against the Al-Shabaab threat. The U.S. government has officially designated Al-Shabaab as a terrorist organization due to its affiliations with Osama bin Laden's al-Qaeda network, raising significant concerns about the broader implications for regional stability and security. This designation underscores the international community's recognition of the threat posed by Al-Shabaab, as well as the urgent need for a coordinated response to combat terrorism in the region.

The situation in Somalia remains dire, with fears mounting that the already weak government could succumb to the Islamist insurgency, reminiscent of the tumultuous events of 2006 when the government was overthrown, leading to a chaotic power vacuum until Ethiopian forces intervened later that year to restore a semblance of order. The relentless cycle of violence continues to pose a significant challenge to peace and stability in the region, leaving many to ponder the uncertain future that lies ahead for Somalia and its resilient people, who have endured so much suffering over the decades. The ongoing conflict not only threatens the lives of those currently living in Somalia but also casts a long shadow over the hopes for a peaceful and prosperous future for generations to come.",543
./cnn/stories/bc8f85297fa51310468d8f3990e0f4bb07176ce8.story,Who found international fame with ''Farewell My Concubine''?,Chen Kaige,Chen Kaige,style,formality,0,,0,"(CNN) -- Director Chen Kaige's films often examine the close ties of love, passion and friendship, but his own relationship with his artist and filmmaker father is one that has informed much of his life and colored his work.





Chen Kaige captures the pains and passions of relationships on the silver screen.





As a 14-year-old red guard during the Cultural Revolution, Chen denounced his father for creating subversive art. While his father forgave him, Chen has found it hard to truly forgive himself.





""I knew it was the wrong thing to do. If I didn't know, then I could've forgiven myself,"" he told CNN.





Chen has already touched upon such a significant moment in his personal life in his award-winning 1993 film, ""Farewell My Concubine."" It brought him international-acclaim and a host of accolades, including Cannes Film Festival's Palme D'or.





Like ""Farewell My Concubine,"" Chen's latest film, ""Forever Enthralled"" (""Mei Lanfang"" in Mandarin), once again delves into the world of Beijing opera, and it has proven to be a hit in China since its release in cinemas in December.





However, capturing the Cultural Revolution remains one of Chen's ambitions -- not only to explore the circumstances that colored the relationship with his father but an exploration of a crucial time in Chinese history.





""It's not because I was hurt and so many people hurt that I want to do my revenge. It's not like this. This is the lesson that the Chinese people must learn, no matter what,"" Chen told CNN.





""I hope that my generation of directors or writers could do something to tell people the truth, to tell people what really happened at that time; why a young son of a film director, you know, could denounce his own father, like I did. I was still shocked,"" he said.





Now 56 years old, Chen studied at the Beijing Film Academy, directing his first feature film ""Yellow Earth"" in 1984.





After the success of ""Farewell My Concubine,"" he eventually took up the offer to direct a Hollywood film in 2002 -- ""Killing Me Softly,"" with Heather Graham and Joseph Fiennes.





While failing to impress the critics or register a hit at the box office, Chen remains sanguine about the experience.





""I think I've learnt a lot from that. Although I fully understand why audiences didn't really enjoy that film that much.





""In the industrial system [of Hollywood] people don't really care if you're making a good film or not. People care about whether the film can make money. It's a completely different thing, you know. Quite honestly, I wasn't very comfortable to do films that way,"" said Chen.





Chen will continue to make films in China and finds the country's recent transformation as significant as earlier periods of change during his lifetime.





""I ask myself whether it's a progress or we're just going back to where we not necessarily need to be. I don't know. I mean, I'm not trying to say anything politically. But I feel if you look at the very beginning of Charles Dickens' novel, 'A Tale of Two Cities,' 'It was the best times, it was the worst times...' this is the simple answer,"" he said.





Time will tell if today's China will be part of Chen's cinematic sweep in the future.",547
./cnn/stories/bc8f85297fa51310468d8f3990e0f4bb07176ce8.story,Who found international fame with ''Farewell My Concubine''?,Chen Kaige,Chen Kaige,style,formality,0,Make the text more formal.,1,"(CNN) -- Director Chen Kaige's films frequently explore the intricate connections of love, passion, and friendship; however, his own relationship with his father, an artist and filmmaker, has profoundly influenced his life and shaped his artistic endeavors.

Chen Kaige adeptly portrays the complexities and emotional struggles of relationships on the cinematic canvas.

As a 14-year-old Red Guard during the Cultural Revolution, Chen publicly denounced his father for producing subversive art. Although his father extended forgiveness, Chen has grappled with the challenge of forgiving himself.

""I recognized that it was the incorrect course of action. Had I been unaware, I might have been able to absolve myself,"" he conveyed to CNN.

Chen has previously addressed this pivotal moment in his personal history in his acclaimed 1993 film, ""Farewell My Concubine,"" which garnered him international recognition and numerous accolades, including the prestigious Palme d'Or at the Cannes Film Festival.

Similar to ""Farewell My Concubine,"" Chen's most recent film, ""Forever Enthralled"" (""Mei Lanfang"" in Mandarin), once again immerses viewers in the realm of Beijing opera and has achieved considerable success in China since its theatrical release in December.

Nonetheless, capturing the essence of the Cultural Revolution remains one of Chen's aspirations—not solely to examine the dynamics that influenced his relationship with his father but also to investigate a pivotal period in Chinese history.

""My motivation is not rooted in personal grievances or a desire for retribution. Rather, it is imperative that the Chinese populace learns from this historical lesson, irrespective of the circumstances,"" Chen articulated to CNN.

""I aspire for my generation of directors and writers to convey the truth, to illuminate what transpired during that era; to elucidate why a young son of a film director, such as myself, could denounce his own father. I remain profoundly affected by this realization,"" he remarked.

Now at the age of 56, Chen pursued his studies at the Beijing Film Academy, directing his inaugural feature film, ""Yellow Earth,"" in 1984.

Following the success of ""Farewell My Concubine,"" he accepted an opportunity to direct a Hollywood film in 2002—""Killing Me Softly,"" featuring Heather Graham and Joseph Fiennes.

Despite failing to impress critics or achieve commercial success, Chen maintains a positive outlook regarding the experience.

""I believe I have gained significant insights from that endeavor, although I fully comprehend why audiences did not particularly enjoy that film.

""In the Hollywood industrial system, the focus is not necessarily on the quality of the film but rather on its profitability. It is an entirely different paradigm, and quite frankly, I found it uncomfortable to create films in that manner,"" Chen stated.

Chen intends to continue his filmmaking endeavors in China and perceives the country's recent transformations as equally significant as earlier periods of change throughout his lifetime.

""I often reflect on whether this represents progress or if we are merely reverting to a state that may not be beneficial. I am uncertain. I do not wish to make political statements; however, I am reminded of the opening lines of Charles Dickens' novel, 'A Tale of Two Cities': 'It was the best of times, it was the worst of times...' This encapsulates the essence of the situation,"" he expressed.

Time will reveal whether contemporary China will feature prominently in Chen's future cinematic narratives.",543
./cnn/stories/bc8f85297fa51310468d8f3990e0f4bb07176ce8.story,Who found international fame with ''Farewell My Concubine''?,Chen Kaige,Chen Kaige,style,formality,0,Make the text more formal.,2,"(CNN) -- Director Chen Kaige's films frequently delve into the intricate interconnections of love, passion, and friendship; however, his own relationship with his father, an artist and filmmaker, has profoundly influenced his life and shaped his artistic pursuits.

Chen Kaige skillfully depicts the complexities and emotional struggles inherent in relationships on the cinematic canvas.

As a 14-year-old Red Guard during the Cultural Revolution, Chen publicly denounced his father for producing subversive art. Although his father extended forgiveness, Chen has wrestled with the challenge of forgiving himself.

""I recognized that it was the incorrect course of action. Had I been unaware, I might have been able to absolve myself,"" he conveyed to CNN.

Chen has previously addressed this pivotal moment in his personal history in his acclaimed 1993 film, ""Farewell My Concubine,"" which garnered him international recognition and numerous accolades, including the prestigious Palme d'Or at the Cannes Film Festival.

Similar to ""Farewell My Concubine,"" Chen's most recent film, ""Forever Enthralled"" (""Mei Lanfang"" in Mandarin), once again immerses viewers in the realm of Beijing opera and has achieved considerable success in China since its theatrical release in December.

Nonetheless, capturing the essence of the Cultural Revolution remains one of Chen's aspirations—not solely to examine the dynamics that influenced his relationship with his father but also to investigate a pivotal period in Chinese history.

""My motivation is not rooted in personal grievances or a desire for retribution. Rather, it is imperative that the Chinese populace learns from this historical lesson, irrespective of the circumstances,"" Chen articulated to CNN.

""I aspire for my generation of directors and writers to convey the truth, to illuminate what transpired during that era; to elucidate why a young son of a film director, such as myself, could denounce his own father. I remain profoundly affected by this realization,"" he remarked.

Now at the age of 56, Chen pursued his studies at the Beijing Film Academy, directing his inaugural feature film, ""Yellow Earth,"" in 1984.

Following the success of ""Farewell My Concubine,"" he accepted an opportunity to direct a Hollywood film in 2002—""Killing Me Softly,"" featuring Heather Graham and Joseph Fiennes.

Despite failing to impress critics or achieve commercial success, Chen maintains a positive outlook regarding the experience.

""I believe I have gained significant insights from that endeavor, although I fully comprehend why audiences did not particularly enjoy that film.

""In the Hollywood industrial system, the focus is not necessarily on the quality of the film but rather on its profitability. It is an entirely different paradigm, and quite frankly, I found it uncomfortable to create films in that manner,"" Chen stated.

Chen intends to continue his filmmaking endeavors in China and perceives the country's recent transformations as equally significant as earlier periods of change throughout his lifetime.

""I often reflect on whether this represents progress or if we are merely reverting to a state that may not be beneficial. I am uncertain. I do not wish to make political statements; however, I am reminded of the opening lines of Charles Dickens' novel, 'A Tale of Two Cities': 'It was the best of times, it was the worst of times...' This encapsulates the essence of the situation,"" he expressed.

Time will reveal whether contemporary China will feature prominently in Chen's future cinematic narratives.",545
./cnn/stories/bc8f85297fa51310468d8f3990e0f4bb07176ce8.story,Who found international fame with ''Farewell My Concubine''?,Chen Kaige,Chen Kaige,style,formality,0,Make the text more formal.,3,"(CNN) -- Director Chen Kaige's films often explore the intricate interconnections of love, passion, and friendship; however, his relationship with his father, an artist and filmmaker, has profoundly influenced his life and shaped his artistic endeavors.

Chen Kaige adeptly portrays the complexities and emotional struggles inherent in relationships on the cinematic canvas.

As a 14-year-old Red Guard during the Cultural Revolution, Chen publicly denounced his father for producing subversive art. Although his father extended forgiveness, Chen has grappled with the challenge of forgiving himself.

""I recognized that it was the incorrect course of action. Had I been unaware, I might have been able to absolve myself,"" he conveyed to CNN.

Chen has previously addressed this pivotal moment in his personal history in his acclaimed 1993 film, ""Farewell My Concubine,"" which garnered him international recognition and numerous accolades, including the prestigious Palme d'Or at the Cannes Film Festival.

Similar to ""Farewell My Concubine,"" Chen's most recent film, ""Forever Enthralled"" (""Mei Lanfang"" in Mandarin), once again immerses viewers in the realm of Beijing opera and has achieved considerable success in China since its theatrical release in December.

Nonetheless, capturing the essence of the Cultural Revolution remains one of Chen's aspirations—not solely to examine the dynamics that influenced his relationship with his father but also to investigate a pivotal period in Chinese history.

""My motivation is not rooted in personal grievances or a desire for retribution. Rather, it is imperative that the Chinese populace learns from this historical lesson, irrespective of the circumstances,"" Chen articulated to CNN.

""I aspire for my generation of directors and writers to convey the truth, to illuminate what transpired during that era; to elucidate why a young son of a film director, such as myself, could denounce his own father. I remain profoundly affected by this realization,"" he remarked.

Now at the age of 56, Chen pursued his studies at the Beijing Film Academy, directing his inaugural feature film, ""Yellow Earth,"" in 1984.

Following the success of ""Farewell My Concubine,"" he accepted an opportunity to direct a Hollywood film in 2002—""Killing Me Softly,"" featuring Heather Graham and Joseph Fiennes.

Despite failing to impress critics or achieve commercial success, Chen maintains a positive outlook regarding the experience.

""I believe I have gained significant insights from that endeavor, although I fully comprehend why audiences did not particularly enjoy that film.

""In the Hollywood industrial system, the focus is not necessarily on the quality of the film but rather on its profitability. It is an entirely different paradigm, and quite frankly, I found it uncomfortable to create films in that manner,"" Chen stated.

Chen intends to continue his filmmaking endeavors in China and perceives the country's recent transformations as equally significant as earlier periods of change throughout his lifetime.

""I often reflect on whether this represents progress or if we are merely reverting to a state that may not be beneficial. I am uncertain. I do not wish to make political statements; however, I am reminded of the opening lines of Charles Dickens' novel, 'A Tale of Two Cities': 'It was the best of times, it was the worst of times...' This encapsulates the essence of the situation,"" he expressed.

Time will reveal whether contemporary China will feature prominently in Chen's future cinematic narratives.",543
./cnn/stories/bc8f85297fa51310468d8f3990e0f4bb07176ce8.story,Who found international fame with ''Farewell My Concubine''?,Chen Kaige,Chen Kaige,style,paraphrase,0,,0,"(CNN) -- Director Chen Kaige's films often examine the close ties of love, passion and friendship, but his own relationship with his artist and filmmaker father is one that has informed much of his life and colored his work.





Chen Kaige captures the pains and passions of relationships on the silver screen.





As a 14-year-old red guard during the Cultural Revolution, Chen denounced his father for creating subversive art. While his father forgave him, Chen has found it hard to truly forgive himself.





""I knew it was the wrong thing to do. If I didn't know, then I could've forgiven myself,"" he told CNN.





Chen has already touched upon such a significant moment in his personal life in his award-winning 1993 film, ""Farewell My Concubine."" It brought him international-acclaim and a host of accolades, including Cannes Film Festival's Palme D'or.





Like ""Farewell My Concubine,"" Chen's latest film, ""Forever Enthralled"" (""Mei Lanfang"" in Mandarin), once again delves into the world of Beijing opera, and it has proven to be a hit in China since its release in cinemas in December.





However, capturing the Cultural Revolution remains one of Chen's ambitions -- not only to explore the circumstances that colored the relationship with his father but an exploration of a crucial time in Chinese history.





""It's not because I was hurt and so many people hurt that I want to do my revenge. It's not like this. This is the lesson that the Chinese people must learn, no matter what,"" Chen told CNN.





""I hope that my generation of directors or writers could do something to tell people the truth, to tell people what really happened at that time; why a young son of a film director, you know, could denounce his own father, like I did. I was still shocked,"" he said.





Now 56 years old, Chen studied at the Beijing Film Academy, directing his first feature film ""Yellow Earth"" in 1984.





After the success of ""Farewell My Concubine,"" he eventually took up the offer to direct a Hollywood film in 2002 -- ""Killing Me Softly,"" with Heather Graham and Joseph Fiennes.





While failing to impress the critics or register a hit at the box office, Chen remains sanguine about the experience.





""I think I've learnt a lot from that. Although I fully understand why audiences didn't really enjoy that film that much.





""In the industrial system [of Hollywood] people don't really care if you're making a good film or not. People care about whether the film can make money. It's a completely different thing, you know. Quite honestly, I wasn't very comfortable to do films that way,"" said Chen.





Chen will continue to make films in China and finds the country's recent transformation as significant as earlier periods of change during his lifetime.





""I ask myself whether it's a progress or we're just going back to where we not necessarily need to be. I don't know. I mean, I'm not trying to say anything politically. But I feel if you look at the very beginning of Charles Dickens' novel, 'A Tale of Two Cities,' 'It was the best times, it was the worst times...' this is the simple answer,"" he said.





Time will tell if today's China will be part of Chen's cinematic sweep in the future.",547
./cnn/stories/bc8f85297fa51310468d8f3990e0f4bb07176ce8.story,Who found international fame with ''Farewell My Concubine''?,Chen Kaige,Chen Kaige,style,paraphrase,0,Paraphrase this.,1,"Director Chen Kaige's films frequently explore the intricate connections of love, passion, and friendship, yet his own bond with his father, an artist and filmmaker, has significantly influenced his life and artistic expression.

Chen Kaige portrays the struggles and emotions of relationships in his films.

As a 14-year-old red guard during the Cultural Revolution, Chen publicly criticized his father for producing art deemed subversive. Although his father forgave him, Chen has struggled to forgive himself.

""I recognized it was the wrong choice. If I hadn’t, I might have been able to forgive myself,"" he shared with CNN.

Chen has already addressed this pivotal moment in his life in his acclaimed 1993 film, ""Farewell My Concubine,"" which earned him international recognition and numerous awards, including the Palme D'or at the Cannes Film Festival.

Similar to ""Farewell My Concubine,"" Chen's recent film, ""Forever Enthralled"" (""Mei Lanfang"" in Mandarin), revisits the realm of Beijing opera and has become a success in China since its December release.

However, one of Chen's goals remains to depict the Cultural Revolution—not only to examine the dynamics of his relationship with his father but also to reflect on a significant period in Chinese history.

""It's not about seeking revenge for my own pain or the suffering of many; it's about a lesson that the Chinese people must learn, regardless,"" Chen explained to CNN.

""I hope that my generation of filmmakers and writers can convey the truth, to reveal what truly happened during that time; why a young son of a filmmaker could denounce his own father, as I did. I was still taken aback,"" he remarked.

Now at 56, Chen studied at the Beijing Film Academy and directed his first feature film, ""Yellow Earth,"" in 1984.

Following the success of ""Farewell My Concubine,"" he accepted an offer to direct a Hollywood film in 2002—""Killing Me Softly,"" featuring Heather Graham and Joseph Fiennes.

Despite not impressing critics or achieving box office success, Chen remains optimistic about the experience.

""I believe I learned a lot from it. Although I completely understand why audiences didn't connect with that film,"" he said.

""In Hollywood's industrial system, the focus isn't on whether you're making a good film; it's about whether the film can generate profit. It's a completely different approach, and honestly, I wasn't very comfortable making films in that manner,"" Chen noted.

Chen plans to continue filmmaking in China and views the country's recent changes as significant as earlier transformative periods in his life.

""I question whether this is progress or if we're merely returning to a place we shouldn't be. I don't know. I'm not trying to make a political statement. But if you consider the opening of Charles Dickens' novel, 'A Tale of Two Cities,' 'It was the best of times, it was the worst of times...' that sums it up simply,"" he stated.

Only time will reveal if contemporary China will feature in Chen's future cinematic endeavors.",488
./cnn/stories/bc8f85297fa51310468d8f3990e0f4bb07176ce8.story,Who found international fame with ''Farewell My Concubine''?,Chen Kaige,Chen Kaige,style,paraphrase,0,Paraphrase this.,2,"Director Chen Kaige's films often delve into the complex relationships of love, passion, and friendship, heavily influenced by his own relationship with his father, an artist and filmmaker. 

In his works, Chen Kaige captures the challenges and feelings inherent in relationships.

As a 14-year-old red guard during the Cultural Revolution, he publicly condemned his father's art as subversive. Although his father forgave him, Chen has found it difficult to forgive himself.

""I realized it was the wrong decision. Had I not, I might have been able to forgive myself,"" he told CNN.

This crucial moment in his life is reflected in his renowned 1993 film, ""Farewell My Concubine,"" which brought him international acclaim and several awards, including the Palme D'or at the Cannes Film Festival.

Like ""Farewell My Concubine,"" Chen's latest film, ""Forever Enthralled"" (""Mei Lanfang"" in Mandarin), revisits the world of Beijing opera and has achieved success in China since its release in December.

One of Chen's aspirations is to portray the Cultural Revolution—not just to explore his relationship with his father but also to comment on a significant era in Chinese history.

""It's not about avenging my own pain or the suffering of many; it's about a lesson that the Chinese people need to learn,"" Chen explained to CNN.

""I hope that my generation of filmmakers and writers can tell the truth, to uncover what really happened during that time; why a young son of a filmmaker could denounce his own father, as I did. I was still shocked,"" he reflected.

Now at 56, Chen studied at the Beijing Film Academy and directed his debut feature film, ""Yellow Earth,"" in 1984.

After the success of ""Farewell My Concubine,"" he took on a Hollywood project in 2002—""Killing Me Softly,"" starring Heather Graham and Joseph Fiennes.

Although it did not impress critics or perform well at the box office, Chen remains positive about the experience.

""I believe I gained a lot from it. While I completely understand why audiences didn't resonate with that film,"" he remarked.

""In Hollywood's industrial system, the emphasis isn't on whether you're creating a good film; it's about whether the film can make money. It's a completely different mindset, and honestly, I wasn't very comfortable making films that way,"" Chen noted.

Chen intends to continue making films in China and sees the recent changes in the country as significant as earlier transformative moments in his life.

""I wonder if this is progress or if we're just reverting to a place we shouldn't be. I don't know. I'm not trying to make a political statement. But if you think of the opening of Charles Dickens' novel, 'A Tale of Two Cities,' 'It was the best of times, it was the worst of times...' that captures it succinctly,"" he stated.

Only time will tell if contemporary China will play a role in Chen's future film projects.",478
./cnn/stories/bc8f85297fa51310468d8f3990e0f4bb07176ce8.story,Who found international fame with ''Farewell My Concubine''?,Chen Kaige,Chen Kaige,style,paraphrase,0,Paraphrase this.,3,"Director Chen Kaige's films frequently explore the intricate dynamics of love, passion, and friendship, deeply shaped by his own experiences with his father, who was an artist and filmmaker. 

In his cinematic works, Chen Kaige portrays the emotional struggles and complexities that come with relationships.

As a 14-year-old red guard during the Cultural Revolution, he publicly denounced his father's art as subversive. Although his father forgave him, Chen has struggled to forgive himself.

""I recognized it was a misguided choice. If I hadn't, perhaps I could have found a way to forgive myself,"" he shared with CNN.

This pivotal experience in his life is mirrored in his acclaimed 1993 film, ""Farewell My Concubine,"" which earned him international recognition and numerous awards, including the Palme D'or at the Cannes Film Festival.

Similar to ""Farewell My Concubine,"" Chen's recent film, ""Forever Enthralled"" (""Mei Lanfang"" in Mandarin), revisits the realm of Beijing opera and has been successful in China since its December release.

One of Chen's goals is to depict the Cultural Revolution—not only to reflect on his relationship with his father but also to comment on a crucial period in Chinese history.

""It's not about avenging my own pain or the suffering of many; it's about a lesson that the Chinese people need to learn,"" Chen explained to CNN.

""I hope that my generation of filmmakers and writers can reveal the truth, to uncover what truly happened during that time; why a young son of a filmmaker could denounce his own father, as I did. I was still taken aback,"" he reflected.

Now at 56, Chen studied at the Beijing Film Academy and made his directorial debut with ""Yellow Earth"" in 1984.

Following the success of ""Farewell My Concubine,"" he ventured into Hollywood with the 2002 film ""Killing Me Softly,"" featuring Heather Graham and Joseph Fiennes.

Although it did not impress critics or perform well at the box office, Chen remains optimistic about the experience.

""I believe I gained a lot from it. While I completely understand why audiences didn't connect with that film,"" he remarked.

""In Hollywood's industrial system, the focus isn't on whether you're making a good film; it's about whether the film can generate profit. It's a completely different approach, and honestly, I wasn't very comfortable creating films in that manner,"" Chen noted.

Chen plans to continue making films in China and views the recent changes in the country as significant as earlier transformative moments in his life.

""I wonder if this is progress or if we're just returning to a place we shouldn't be. I don't know. I'm not trying to make a political statement. But if you think of the opening of Charles Dickens' novel, 'A Tale of Two Cities,' 'It was the best of times, it was the worst of times...' that captures it succinctly,"" he stated.

Only time will reveal if contemporary China will influence Chen's future film endeavors.",484
./cnn/stories/bc8f85297fa51310468d8f3990e0f4bb07176ce8.story,Who found international fame with ''Farewell My Concubine''?,Chen Kaige,Chen Kaige,content,shorten,0,,0,"(CNN) -- Director Chen Kaige's films often examine the close ties of love, passion and friendship, but his own relationship with his artist and filmmaker father is one that has informed much of his life and colored his work.





Chen Kaige captures the pains and passions of relationships on the silver screen.





As a 14-year-old red guard during the Cultural Revolution, Chen denounced his father for creating subversive art. While his father forgave him, Chen has found it hard to truly forgive himself.





""I knew it was the wrong thing to do. If I didn't know, then I could've forgiven myself,"" he told CNN.





Chen has already touched upon such a significant moment in his personal life in his award-winning 1993 film, ""Farewell My Concubine."" It brought him international-acclaim and a host of accolades, including Cannes Film Festival's Palme D'or.





Like ""Farewell My Concubine,"" Chen's latest film, ""Forever Enthralled"" (""Mei Lanfang"" in Mandarin), once again delves into the world of Beijing opera, and it has proven to be a hit in China since its release in cinemas in December.





However, capturing the Cultural Revolution remains one of Chen's ambitions -- not only to explore the circumstances that colored the relationship with his father but an exploration of a crucial time in Chinese history.





""It's not because I was hurt and so many people hurt that I want to do my revenge. It's not like this. This is the lesson that the Chinese people must learn, no matter what,"" Chen told CNN.





""I hope that my generation of directors or writers could do something to tell people the truth, to tell people what really happened at that time; why a young son of a film director, you know, could denounce his own father, like I did. I was still shocked,"" he said.





Now 56 years old, Chen studied at the Beijing Film Academy, directing his first feature film ""Yellow Earth"" in 1984.





After the success of ""Farewell My Concubine,"" he eventually took up the offer to direct a Hollywood film in 2002 -- ""Killing Me Softly,"" with Heather Graham and Joseph Fiennes.





While failing to impress the critics or register a hit at the box office, Chen remains sanguine about the experience.





""I think I've learnt a lot from that. Although I fully understand why audiences didn't really enjoy that film that much.





""In the industrial system [of Hollywood] people don't really care if you're making a good film or not. People care about whether the film can make money. It's a completely different thing, you know. Quite honestly, I wasn't very comfortable to do films that way,"" said Chen.





Chen will continue to make films in China and finds the country's recent transformation as significant as earlier periods of change during his lifetime.





""I ask myself whether it's a progress or we're just going back to where we not necessarily need to be. I don't know. I mean, I'm not trying to say anything politically. But I feel if you look at the very beginning of Charles Dickens' novel, 'A Tale of Two Cities,' 'It was the best times, it was the worst times...' this is the simple answer,"" he said.





Time will tell if today's China will be part of Chen's cinematic sweep in the future.",547
./cnn/stories/bc8f85297fa51310468d8f3990e0f4bb07176ce8.story,Who found international fame with ''Farewell My Concubine''?,Chen Kaige,Chen Kaige,content,shorten,0,Make wording more concise.,1,"Director Chen Kaige's films often explore love, passion, and friendship, influenced by his complex relationship with his artist father. 

As a 14-year-old red guard during the Cultural Revolution, Chen denounced his father for subversive art. Though his father forgave him, Chen struggles to forgive himself. ""I knew it was wrong. If I didn't, I could've forgiven myself,"" he told CNN.

This pivotal moment is reflected in his acclaimed 1993 film, ""Farewell My Concubine,"" which earned him international recognition, including the Cannes Film Festival's Palme D'or.

Chen's latest film, ""Forever Enthralled"" (""Mei Lanfang"" in Mandarin), revisits Beijing opera and has been successful in China since its December release. 

Capturing the Cultural Revolution remains a goal for Chen, aiming to explore his relationship with his father and a significant period in Chinese history. ""It's not about revenge; it's a lesson the Chinese must learn,"" he said.

""I hope my generation of directors can reveal the truth about that time, like why I denounced my father. I was shocked,"" he added.

Now 56, Chen studied at the Beijing Film Academy and directed his first feature, ""Yellow Earth,"" in 1984. After ""Farewell My Concubine,"" he directed the Hollywood film ""Killing Me Softly"" in 2002, which failed to impress critics or audiences. 

""I learned a lot from that experience, though I understand why it didn't resonate,"" he said. ""In Hollywood, the focus is on profit, not quality. I wasn't comfortable making films that way.""

Chen plans to continue filmmaking in China, viewing the country's recent changes as significant as past transformations. ""I wonder if it's progress or a return to the past. I'm not making a political statement, but it reminds me of Dickens' 'A Tale of Two Cities': 'It was the best of times, it was the worst of times,'"" he said.

Time will reveal if today's China will feature in Chen's future films.",310
./cnn/stories/bc8f85297fa51310468d8f3990e0f4bb07176ce8.story,Who found international fame with ''Farewell My Concubine''?,Chen Kaige,Chen Kaige,content,shorten,0,Make wording more concise.,2,"Director Chen Kaige's films often explore love, passion, and friendship, shaped by his complex relationship with his artist father. 

As a 14-year-old red guard during the Cultural Revolution, Chen denounced his father for subversive art. Although his father forgave him, Chen struggles with self-forgiveness. ""I knew it was wrong. If I didn't, I could've forgiven myself,"" he told CNN.

This pivotal moment is reflected in his acclaimed 1993 film, ""Farewell My Concubine,"" which earned him international recognition, including the Cannes Film Festival's Palme D'or.

Chen's latest film, ""Forever Enthralled"" (""Mei Lanfang"" in Mandarin), revisits Beijing opera and has been successful in China since its December release. 

Capturing the Cultural Revolution remains a goal for Chen, who aims to explore his relationship with his father and a significant period in Chinese history. ""It's not about revenge; it's a lesson the Chinese must learn,"" he said.

""I hope my generation of directors can reveal the truth about that time, like why I denounced my father. I was shocked,"" he added.

Now 56, Chen studied at the Beijing Film Academy and directed his first feature, ""Yellow Earth,"" in 1984. After ""Farewell My Concubine,"" he directed the Hollywood film ""Killing Me Softly"" in 2002, which failed to impress critics or audiences. 

""I learned a lot from that experience, though I understand why it didn't resonate,"" he said. ""In Hollywood, the focus is on profit, not quality. I wasn't comfortable making films that way.""

Chen plans to continue filmmaking in China, viewing the country's recent changes as significant as past transformations. ""I wonder if it's progress or a return to the past. I'm not making a political statement, but it reminds me of Dickens' 'A Tale of Two Cities': 'It was the best of times, it was the worst of times,'"" he said.

Time will reveal if today's China will feature in Chen's future films.",310
./cnn/stories/bc8f85297fa51310468d8f3990e0f4bb07176ce8.story,Who found international fame with ''Farewell My Concubine''?,Chen Kaige,Chen Kaige,content,shorten,0,Make wording more concise.,3,"Director Chen Kaige's films often explore love, passion, and friendship, influenced by his complex relationship with his artist father. 

As a 14-year-old red guard during the Cultural Revolution, Chen denounced his father for subversive art. Though his father forgave him, Chen struggles with self-forgiveness, stating, ""I knew it was wrong. If I didn't, I could've forgiven myself,"" he told CNN.

This pivotal moment is reflected in his acclaimed 1993 film, ""Farewell My Concubine,"" which earned him international recognition, including the Cannes Film Festival's Palme D'or.

Chen's latest film, ""Forever Enthralled"" (""Mei Lanfang"" in Mandarin), revisits Beijing opera and has been successful in China since its December release. 

Capturing the Cultural Revolution remains a goal for Chen, who seeks to explore his relationship with his father and this significant period in Chinese history. ""It's not about revenge; it's a lesson the Chinese must learn,"" he said.

""I hope my generation of directors can reveal the truth about that time, like why I denounced my father. I was shocked,"" he added.

Now 56, Chen studied at the Beijing Film Academy and directed his first feature, ""Yellow Earth,"" in 1984. After ""Farewell My Concubine,"" he directed the Hollywood film ""Killing Me Softly"" in 2002, which failed to impress critics or audiences. 

""I learned a lot from that experience, though I understand why it didn't resonate,"" he said. ""In Hollywood, the focus is on profit, not quality. I wasn't comfortable making films that way.""

Chen plans to continue filmmaking in China, viewing the country's recent changes as significant as past transformations. ""I wonder if it's progress or a return to the past. I'm not making a political statement, but it reminds me of Dickens' 'A Tale of Two Cities': 'It was the best of times, it was the worst of times,'"" he said.

Time will reveal if today's China will feature in Chen's future films.",311
./cnn/stories/bc8f85297fa51310468d8f3990e0f4bb07176ce8.story,Who found international fame with ''Farewell My Concubine''?,Chen Kaige,Chen Kaige,content,elaborate,0,,0,"(CNN) -- Director Chen Kaige's films often examine the close ties of love, passion and friendship, but his own relationship with his artist and filmmaker father is one that has informed much of his life and colored his work.





Chen Kaige captures the pains and passions of relationships on the silver screen.





As a 14-year-old red guard during the Cultural Revolution, Chen denounced his father for creating subversive art. While his father forgave him, Chen has found it hard to truly forgive himself.





""I knew it was the wrong thing to do. If I didn't know, then I could've forgiven myself,"" he told CNN.





Chen has already touched upon such a significant moment in his personal life in his award-winning 1993 film, ""Farewell My Concubine."" It brought him international-acclaim and a host of accolades, including Cannes Film Festival's Palme D'or.





Like ""Farewell My Concubine,"" Chen's latest film, ""Forever Enthralled"" (""Mei Lanfang"" in Mandarin), once again delves into the world of Beijing opera, and it has proven to be a hit in China since its release in cinemas in December.





However, capturing the Cultural Revolution remains one of Chen's ambitions -- not only to explore the circumstances that colored the relationship with his father but an exploration of a crucial time in Chinese history.





""It's not because I was hurt and so many people hurt that I want to do my revenge. It's not like this. This is the lesson that the Chinese people must learn, no matter what,"" Chen told CNN.





""I hope that my generation of directors or writers could do something to tell people the truth, to tell people what really happened at that time; why a young son of a film director, you know, could denounce his own father, like I did. I was still shocked,"" he said.





Now 56 years old, Chen studied at the Beijing Film Academy, directing his first feature film ""Yellow Earth"" in 1984.





After the success of ""Farewell My Concubine,"" he eventually took up the offer to direct a Hollywood film in 2002 -- ""Killing Me Softly,"" with Heather Graham and Joseph Fiennes.





While failing to impress the critics or register a hit at the box office, Chen remains sanguine about the experience.





""I think I've learnt a lot from that. Although I fully understand why audiences didn't really enjoy that film that much.





""In the industrial system [of Hollywood] people don't really care if you're making a good film or not. People care about whether the film can make money. It's a completely different thing, you know. Quite honestly, I wasn't very comfortable to do films that way,"" said Chen.





Chen will continue to make films in China and finds the country's recent transformation as significant as earlier periods of change during his lifetime.





""I ask myself whether it's a progress or we're just going back to where we not necessarily need to be. I don't know. I mean, I'm not trying to say anything politically. But I feel if you look at the very beginning of Charles Dickens' novel, 'A Tale of Two Cities,' 'It was the best times, it was the worst times...' this is the simple answer,"" he said.





Time will tell if today's China will be part of Chen's cinematic sweep in the future.",547
./cnn/stories/bc8f85297fa51310468d8f3990e0f4bb07176ce8.story,Who found international fame with ''Farewell My Concubine''?,Chen Kaige,Chen Kaige,content,elaborate,0,"Elaborate on the content, adding relevant details while staying faithful to the source text.",1,"(CNN) -- Renowned director Chen Kaige is celebrated for his films that intricately explore the profound connections of love, passion, and friendship. However, it is his complex relationship with his father, an artist and filmmaker, that has significantly shaped both his personal life and his cinematic creations, infusing them with emotional depth and resonance.

Chen Kaige masterfully portrays the intricacies and emotional turmoil of relationships on the silver screen, drawing from his own life experiences.

During the tumultuous period of the Cultural Revolution, when he was just 14 years old, Chen made the heart-wrenching decision to denounce his father for producing what was deemed subversive art. This act of betrayal, although met with his father's forgiveness, has left a lasting mark on Chen, who struggles with self-forgiveness. ""I knew it was the wrong thing to do. If I didn't know, then I could've forgiven myself,"" he candidly shared with CNN, revealing the weight of his actions.

This pivotal moment in Chen's life has been poignantly reflected in his acclaimed 1993 film, ""Farewell My Concubine,"" which not only garnered international recognition but also won prestigious awards, including the coveted Palme d'Or at the Cannes Film Festival. The film's exploration of personal and societal struggles resonated deeply with audiences worldwide.

Continuing in a similar vein, Chen's latest cinematic endeavor, ""Forever Enthralled"" (known as ""Mei Lanfang"" in Mandarin), revisits the rich world of Beijing opera and has quickly become a box office success in China since its release in December. This film, like its predecessor, delves into themes of identity and cultural heritage, showcasing Chen's ability to weave personal narratives into broader historical contexts.

Yet, one of Chen's enduring ambitions is to capture the essence of the Cultural Revolution in his work. He aims to not only reflect on the painful dynamics of his relationship with his father but also to provide a critical examination of a pivotal era in Chinese history. ""It's not because I was hurt and so many people hurt that I want to do my revenge. It's not like this. This is the lesson that the Chinese people must learn, no matter what,"" Chen articulated to CNN, emphasizing the importance of historical reflection.

""I hope that my generation of directors or writers could do something to tell people the truth, to tell people what really happened at that time; why a young son of a film director, you know, could denounce his own father, like I did. I was still shocked,"" he expressed, highlighting his desire for future generations to understand the complexities of that time.

Now at 56 years old, Chen's journey began at the Beijing Film Academy, where he honed his craft before directing his first feature film, ""Yellow Earth,"" in 1984. Following the monumental success of ""Farewell My Concubine,"" he ventured into Hollywood, directing ""Killing Me Softly"" in 2002, featuring stars Heather Graham and Joseph Fiennes. Despite the film's lackluster reception from critics and audiences alike, Chen remains optimistic about the lessons learned from the experience.

""I think I've learnt a lot from that. Although I fully understand why audiences didn't really enjoy that film that much,"" he reflected. He noted the stark differences between the Hollywood film industry and his own artistic values, stating, ""In the industrial system [of Hollywood], people don't really care if you're making a good film or not. People care about whether the film can make money. It's a completely different thing, you know. Quite honestly, I wasn't very comfortable to do films that way,"" he admitted.

Chen plans to continue his filmmaking journey in China, where he perceives the recent transformations as significant as the historical changes he has witnessed throughout his life. ""I ask myself whether it's a progress or we're just going back to where we not necessarily need to be. I don't know. I mean, I'm not trying to say anything politically. But I feel if you look at the very beginning of Charles Dickens' novel, 'A Tale of Two Cities,' 'It was the best times, it was the worst times...' this is the simple answer,"" he mused, reflecting on the complexities of contemporary China.

As time unfolds, it remains to be seen how today's China will influence Chen's future cinematic narratives and whether he will continue to weave the threads of his personal history into the fabric of his films.",724
./cnn/stories/bc8f85297fa51310468d8f3990e0f4bb07176ce8.story,Who found international fame with ''Farewell My Concubine''?,Chen Kaige,Chen Kaige,content,elaborate,0,"Elaborate on the content, adding relevant details while staying faithful to the source text.",2,"(CNN) -- Acclaimed filmmaker Chen Kaige is widely recognized for his cinematic works that delve deeply into the intricate themes of love, passion, and friendship, often portraying the emotional landscapes of human relationships with remarkable sensitivity. However, it is his tumultuous and complex relationship with his father, who was also an artist and filmmaker, that has profoundly influenced both his personal journey and his artistic output, imbuing his films with a rich emotional resonance that captivates audiences.

Chen Kaige has a unique ability to reflect the complexities and emotional struggles inherent in relationships, drawing heavily from his own life experiences to inform his storytelling. One of the most pivotal moments in his life occurred during the Cultural Revolution, a time of great upheaval in China, when he was only 14 years old. In a heart-wrenching act of betrayal, he chose to denounce his father for creating what was considered subversive art. This decision, although ultimately met with his father's forgiveness, has haunted Chen throughout his life, leaving him grappling with feelings of guilt and a profound struggle for self-forgiveness. ""I knew it was the wrong thing to do. If I didn't know, then I could've forgiven myself,"" he candidly revealed in an interview with CNN, shedding light on the heavy burden of his past actions.

This formative experience has been poignantly captured in his critically acclaimed 1993 film, ""Farewell My Concubine,"" which not only achieved international acclaim but also secured prestigious accolades, including the esteemed Palme d'Or at the Cannes Film Festival. The film's exploration of personal and societal struggles resonated deeply with audiences around the globe, highlighting the universal themes of love, sacrifice, and the quest for identity amidst chaos.

In a continuation of his exploration of identity and cultural heritage, Chen's latest film, ""Forever Enthralled"" (known as ""Mei Lanfang"" in Mandarin), revisits the vibrant world of Beijing opera and has quickly emerged as a box office triumph in China since its release in December. This film, much like ""Farewell My Concubine,"" intricately weaves personal narratives into the broader tapestry of historical context, showcasing Chen's remarkable ability to connect individual stories with collective cultural experiences.

One of Chen's enduring aspirations is to authentically capture the essence of the Cultural Revolution in his future works. He seeks not only to reflect on the painful dynamics of his relationship with his father but also to provide a critical examination of this pivotal era in Chinese history. ""It's not because I was hurt and so many people hurt that I want to do my revenge. It's not like this. This is the lesson that the Chinese people must learn, no matter what,"" Chen articulated to CNN, underscoring the importance of historical reflection and the need for future generations to understand the complexities of that time.

""I hope that my generation of directors or writers could do something to tell people the truth, to tell people what really happened at that time; why a young son of a film director, you know, could denounce his own father, like I did. I was still shocked,"" he expressed, emphasizing his desire for a deeper understanding of the past among future storytellers.

Now at 56 years old, Chen's cinematic journey began at the Beijing Film Academy, where he honed his craft before making his directorial debut with ""Yellow Earth"" in 1984. Following the monumental success of ""Farewell My Concubine,"" he ventured into Hollywood, directing ""Killing Me Softly"" in 2002, which starred Heather Graham and Joseph Fiennes. Despite the film's lukewarm reception from critics and audiences alike, Chen remains optimistic about the lessons gleaned from that experience. ""I think I've learnt a lot from that. Although I fully understand why audiences didn't really enjoy that film that much,"" he reflected, acknowledging the stark contrasts between the Hollywood film industry and his own artistic values. He noted, ""In the industrial system [of Hollywood], people don't really care if you're making a good film or not. People care about whether the film can make money. It's a completely different thing, you know. Quite honestly, I wasn't very comfortable to do films that way,"" he admitted.

Looking ahead, Chen plans to continue his filmmaking journey in China, where he perceives the recent transformations as significant as the historical changes he has witnessed throughout his life. ""I ask myself whether it's a progress or we're just going back to where we not necessarily need to be. I don't know. I mean, I'm not trying to say anything politically. But I feel if you look at the very beginning of Charles Dickens' novel, 'A Tale of Two Cities,' 'It was the best times, it was the worst times...' this is the simple answer,"" he mused, reflecting on the complexities and dualities of contemporary China.

As time unfolds, it remains to be seen how the evolving landscape of today's China will influence Chen's future cinematic narratives and whether he will continue to intertwine the threads of his personal history with the broader cultural fabric of his films.",834
./cnn/stories/bc8f85297fa51310468d8f3990e0f4bb07176ce8.story,Who found international fame with ''Farewell My Concubine''?,Chen Kaige,Chen Kaige,content,elaborate,0,"Elaborate on the content, adding relevant details while staying faithful to the source text.",3,"(CNN) -- Acclaimed filmmaker Chen Kaige is celebrated for his profound cinematic works that intricately explore the themes of love, passion, and friendship, often capturing the emotional landscapes of human relationships with exceptional sensitivity and depth. However, it is his tumultuous and multifaceted relationship with his father, who was also an artist and filmmaker, that has significantly shaped both his personal journey and his artistic expression. This complex dynamic has infused his films with a rich emotional resonance that captivates audiences worldwide, allowing them to connect with the universal struggles of human connection.

Chen Kaige possesses a remarkable ability to reflect the complexities and emotional turmoil inherent in relationships, drawing heavily from his own life experiences to inform his storytelling. One of the most pivotal and harrowing moments in his life occurred during the Cultural Revolution, a period marked by intense social and political upheaval in China, when he was just 14 years old. In a heart-wrenching act of betrayal, he made the painful decision to denounce his father for creating what was deemed subversive art. This choice, although ultimately met with his father's forgiveness, has haunted Chen throughout his life, leaving him to grapple with profound feelings of guilt and an ongoing struggle for self-forgiveness. ""I knew it was the wrong thing to do. If I didn't know, then I could've forgiven myself,"" he candidly revealed in an interview with CNN, shedding light on the heavy burden of his past actions and the emotional scars they left behind.

This formative experience has been poignantly captured in his critically acclaimed 1993 film, ""Farewell My Concubine,"" which not only garnered international acclaim but also secured prestigious accolades, including the esteemed Palme d'Or at the Cannes Film Festival. The film's exploration of personal and societal struggles resonated deeply with audiences around the globe, highlighting universal themes of love, sacrifice, and the quest for identity amidst chaos and turmoil.

Continuing his exploration of identity and cultural heritage, Chen's latest film, ""Forever Enthralled"" (known as ""Mei Lanfang"" in Mandarin), revisits the vibrant and rich world of Beijing opera. Since its release in December, it has quickly emerged as a box office triumph in China, reflecting the audience's appetite for stories that intertwine personal narratives with broader historical contexts. Much like ""Farewell My Concubine,"" this film intricately weaves individual stories into the larger tapestry of cultural experiences, showcasing Chen's remarkable ability to connect the personal with the collective.

One of Chen's enduring aspirations is to authentically capture the essence of the Cultural Revolution in his future works. He seeks not only to reflect on the painful dynamics of his relationship with his father but also to provide a critical examination of this pivotal era in Chinese history. ""It's not because I was hurt and so many people hurt that I want to do my revenge. It's not like this. This is the lesson that the Chinese people must learn, no matter what,"" Chen articulated to CNN, underscoring the importance of historical reflection and the necessity for future generations to understand the complexities of that tumultuous time.

""I hope that my generation of directors or writers could do something to tell people the truth, to tell people what really happened at that time; why a young son of a film director, you know, could denounce his own father, like I did. I was still shocked,"" he expressed, emphasizing his desire for a deeper understanding of the past among future storytellers and the responsibility they hold in conveying historical truths.

Now at 56 years old, Chen's cinematic journey began at the prestigious Beijing Film Academy, where he honed his craft and developed his unique voice before making his directorial debut with ""Yellow Earth"" in 1984. Following the monumental success of ""Farewell My Concubine,"" he ventured into Hollywood, directing ""Killing Me Softly"" in 2002, which starred Heather Graham and Joseph Fiennes. Despite the film's lukewarm reception from critics and audiences alike, Chen remains optimistic about the lessons gleaned from that experience. ""I think I've learnt a lot from that. Although I fully understand why audiences didn't really enjoy that film that much,"" he reflected, acknowledging the stark contrasts between the Hollywood film industry and his own artistic values. He noted, ""In the industrial system [of Hollywood], people don't really care if you're making a good film or not. People care about whether the film can make money. It's a completely different thing, you know. Quite honestly, I wasn't very comfortable to do films that way,"" he admitted, revealing the challenges he faced in reconciling his artistic vision with commercial expectations.

Looking ahead, Chen plans to continue his filmmaking journey in China, where he perceives the recent transformations as significant as the historical changes he has witnessed throughout his life. ""I ask myself whether it's a progress or we're just going back to where we not necessarily need to be. I don't know. I mean, I'm not trying to say anything politically. But I feel if you look at the very beginning of Charles Dickens' novel, 'A Tale of Two Cities,' 'It was the best times, it was the worst times...' this is the simple answer,"" he mused, reflecting on the complexities and dualities of contemporary China and the challenges it faces.

As time unfolds, it remains to be seen how the evolving landscape of today's China will influence Chen's future cinematic narratives and whether he will continue to intertwine the threads of his personal history with the broader cultural fabric of his films, ultimately shaping the discourse around identity, heritage, and the human experience in a rapidly changing world.",931
